stage,from_method,to_method,group,metric,pair_count,from_mean,to_mean,mean_difference,mean_change_percent,improved_pairs,worsened_pairs,unchanged_pairs,wilcoxon_statistic,wilcoxon_p_value,exact_sign_test_p_value,rank_biserial_effect,effect_magnitude
Background removal,baseline,nobg_only,overall,chamfer_distance,30,0.060779903021481396,0.058653302879481256,-0.002126600142000132,-3.498854121646982,17,13,0,180.0,0.28936620615422726,0.5846647117286922,0.22580645161290322,Small
Background removal,baseline,nobg_only,overall,hausdorff_95,30,0.21815854775828913,0.2233847703090831,0.005226222550793944,2.395607508620021,16,14,0,222.0,0.8393927440047264,0.8555355519056321,-0.04516129032258064,Negligible
Background removal,baseline,nobg_only,overall,maximum_distance,30,0.272442914664073,0.2795275361269602,0.007084621462887202,2.6004058397417498,14,16,0,215.0,0.7303419969975948,0.8555355519056321,-0.07526881720430108,Negligible
Background removal,baseline,nobg_only,mouse,chamfer_distance,10,0.06508517172406963,0.05623523933658098,-0.008849932387488662,-13.597463374619625,7,3,0,11.0,0.10546875,0.34375,0.6,Large
Background removal,baseline,nobg_only,mouse,hausdorff_95,10,0.23767736534269082,0.2212049887726914,-0.016472376569999458,-6.93056174964285,7,3,0,19.0,0.431640625,0.34375,0.3090909090909091,Moderate
Background removal,baseline,nobg_only,mouse,maximum_distance,10,0.2946989875892907,0.2748210392276701,-0.01987794836162053,-6.745170224108012,7,3,0,18.0,0.375,0.34375,0.34545454545454546,Moderate
Background removal,baseline,nobg_only,bottle,chamfer_distance,10,0.06528274114386154,0.06887991800890791,0.0035971768650463836,5.510149852806256,6,4,0,26.0,0.921875,0.75390625,0.05454545454545454,Negligible
Background removal,baseline,nobg_only,bottle,hausdorff_95,10,0.21797741108026245,0.23903823607086871,0.021060824990606256,9.661930053317024,5,5,0,22.0,0.625,1.0,-0.2,Small
Background removal,baseline,nobg_only,bottle,maximum_distance,10,0.2676623425417999,0.28982894109069546,0.02216659854889557,8.281552921638163,5,5,0,20.0,0.4921875,1.0,-0.2727272727272727,Small
Background removal,baseline,nobg_only,shoe,chamfer_distance,10,0.05197179619651303,0.05084475129295492,-0.0011270449035581157,-2.1685702362423416,4,6,0,26.0,0.921875,0.75390625,0.05454545454545454,Negligible
Background removal,baseline,nobg_only,shoe,hausdorff_95,10,0.1988208668519142,0.2099110860836892,0.011090219231775032,5.577995613526431,4,6,0,21.0,0.556640625,0.75390625,-0.23636363636363636,Small
Background removal,baseline,nobg_only,shoe,maximum_distance,10,0.2549674138611285,0.273932628062515,0.018965214201386565,7.438289432435548,2,8,0,16.0,0.275390625,0.109375,-0.41818181818181815,Moderate
Crop and padding,nobg_only,nobg_crop_pad,overall,chamfer_distance,30,0.058653302879481256,0.06009875461141564,0.0014454517319343716,2.464399549509505,10,20,0,143.0,0.06666470877826214,0.09873714670538905,-0.3849462365591398,Moderate
Crop and padding,nobg_only,nobg_crop_pad,overall,hausdorff_95,30,0.2233847703090831,0.2288076696050594,0.005422899295976311,2.4276047505266325,8,22,0,116.0,0.015460003167390823,0.016124801710247997,-0.5010752688172043,Large
Crop and padding,nobg_only,nobg_crop_pad,overall,maximum_distance,30,0.2795275361269602,0.2799976609110921,0.0004701247841319811,0.16818549994960555,10,20,0,149.0,0.08793856762349606,0.09873714670538905,-0.35913978494623655,Moderate
Crop and padding,nobg_only,nobg_crop_pad,mouse,chamfer_distance,10,0.05623523933658098,0.06365616733003358,0.007420927993452621,13.19622372199152,2,8,0,7.0,0.037109375,0.109375,-0.7454545454545455,Large
Crop and padding,nobg_only,nobg_crop_pad,mouse,hausdorff_95,10,0.2212049887726914,0.2500591140951197,0.028854125322428342,13.044066267455928,2,8,0,5.0,0.01953125,0.109375,-0.8181818181818182,Large
Crop and padding,nobg_only,nobg_crop_pad,mouse,maximum_distance,10,0.2748210392276701,0.2979893740278189,0.023168334800148793,8.43033519750118,4,6,0,15.0,0.232421875,0.75390625,-0.45454545454545453,Moderate
Crop and padding,nobg_only,nobg_crop_pad,bottle,chamfer_distance,10,0.06887991800890791,0.06288201424276622,-0.005997903766141695,-8.707768446190673,5,5,0,22.0,0.625,1.0,0.2,Small
Crop and padding,nobg_only,nobg_crop_pad,bottle,hausdorff_95,10,0.23903823607086871,0.21508971706456706,-0.023948519006301648,-10.018698012480955,5,5,0,23.0,0.6953125,1.0,0.16363636363636364,Small
Crop and padding,nobg_only,nobg_crop_pad,bottle,maximum_distance,10,0.28982894109069546,0.2580699654304854,-0.03175897566021009,-10.957834487023096,4,6,0,23.0,0.6953125,0.75390625,0.16363636363636364,Small
Crop and padding,nobg_only,nobg_crop_pad,shoe,chamfer_distance,10,0.05084475129295492,0.053758082261447106,0.0029133309684921905,5.72985587382716,3,7,0,10.0,0.083984375,0.34375,-0.6363636363636364,Large
Crop and padding,nobg_only,nobg_crop_pad,shoe,hausdorff_95,10,0.2099110860836892,0.22127417765549146,0.011363091571802247,5.413287970541931,1,9,0,1.0,0.00390625,0.021484375,-0.9636363636363636,Large
Crop and padding,nobg_only,nobg_crop_pad,shoe,maximum_distance,10,0.273932628062515,0.2839336432749723,0.01000101521245724,3.6509032469746225,2,8,0,4.0,0.013671875,0.109375,-0.8545454545454545,Large
Enhancement,nobg_crop_pad,final_proposed,overall,chamfer_distance,30,0.06009875461141564,0.05855108667955738,-0.0015476679318582513,-2.5752079920209914,18,12,0,205.0,0.583757072687149,0.36159460805356514,0.11827956989247312,Small
Enhancement,nobg_crop_pad,final_proposed,overall,hausdorff_95,30,0.2288076696050594,0.21505547653166138,-0.01375219307339798,-6.010372422015151,15,15,0,187.0,0.3598779272288084,1.0,0.1956989247311828,Small
Enhancement,nobg_crop_pad,final_proposed,overall,maximum_distance,30,0.2799976609110921,0.2684141459573996,-0.01158351495369256,-4.137004186392348,14,16,0,214.0,0.7151329666376114,0.8555355519056321,0.07956989247311828,Negligible
Enhancement,nobg_crop_pad,final_proposed,mouse,chamfer_distance,10,0.06365616733003358,0.05613531093069442,-0.007520856399339174,-11.814811847446482,7,3,0,17.0,0.322265625,0.34375,0.38181818181818183,Moderate
Enhancement,nobg_crop_pad,final_proposed,mouse,hausdorff_95,10,0.2500591140951197,0.2161179510748404,-0.03394116302027934,-13.573255725191638,6,4,0,16.0,0.275390625,0.75390625,0.41818181818181815,Moderate
Enhancement,nobg_crop_pad,final_proposed,mouse,maximum_distance,10,0.2979893740278189,0.2721591944471745,-0.025830179580644447,-8.668154582664075,5,5,0,23.0,0.6953125,1.0,0.16363636363636364,Small
Enhancement,nobg_crop_pad,final_proposed,bottle,chamfer_distance,10,0.06288201424276622,0.06795959639923435,0.005077582156468129,8.074776575803213,5,5,0,19.0,0.431640625,1.0,-0.3090909090909091,Moderate
Enhancement,nobg_crop_pad,final_proposed,bottle,hausdorff_95,10,0.21508971706456706,0.21939874349117647,0.004309026426609418,2.003362357539341,4,6,0,22.0,0.625,0.75390625,-0.2,Small
Enhancement,nobg_crop_pad,final_proposed,bottle,maximum_distance,10,0.2580699654304854,0.26456082080041177,0.006490855369926394,2.5151533457599444,1,9,0,10.0,0.083984375,0.021484375,-0.6363636363636364,Large
Enhancement,nobg_crop_pad,final_proposed,shoe,chamfer_distance,10,0.053758082261447106,0.05155835270874339,-0.002199729552703709,-4.091904807923666,6,4,0,20.0,0.4921875,0.75390625,0.2727272727272727,Small
Enhancement,nobg_crop_pad,final_proposed,shoe,hausdorff_95,10,0.22127417765549146,0.20964973502896744,-0.011624442626524017,-5.253411288063835,5,5,0,19.0,0.431640625,1.0,0.3090909090909091,Moderate
Enhancement,nobg_crop_pad,final_proposed,shoe,maximum_distance,10,0.2839336432749723,0.2685224226246127,-0.01541122065035963,-5.427754341684259,8,2,0,13.0,0.16015625,0.109375,0.5272727272727272,Large
Full pipeline,baseline,final_proposed,overall,chamfer_distance,30,0.060779903021481396,0.05855108667955738,-0.0022288163419240115,-3.667028460272945,17,13,0,200.0,0.5158484429121017,0.5846647117286922,0.13978494623655913,Small
Full pipeline,baseline,final_proposed,overall,hausdorff_95,30,0.21815854775828913,0.21505547653166138,-0.003103071226627722,-1.4223926857387386,13,17,0,228.0,0.935398668050766,0.5846647117286922,-0.01935483870967742,Negligible
Full pipeline,baseline,final_proposed,overall,maximum_distance,30,0.272442914664073,0.2684141459573996,-0.004028768706673378,-1.478757012874035,14,16,0,216.0,0.7456546742469072,0.8555355519056321,0.07096774193548387,Negligible
Full pipeline,baseline,final_proposed,mouse,chamfer_distance,10,0.06508517172406963,0.05613531093069442,-0.008949860793375217,-13.75099820173848,7,3,0,13.0,0.16015625,0.34375,0.5272727272727272,Large
Full pipeline,baseline,final_proposed,mouse,hausdorff_95,10,0.23767736534269082,0.2161179510748404,-0.021559414267850456,-9.070873971009139,6,4,0,15.0,0.232421875,0.75390625,0.45454545454545453,Moderate
Full pipeline,baseline,final_proposed,mouse,maximum_distance,10,0.2946989875892907,0.2721591944471745,-0.022539793142116186,-7.648412139619877,6,4,0,14.0,0.193359375,0.75390625,0.4909090909090909,Moderate
Full pipeline,baseline,final_proposed,bottle,chamfer_distance,10,0.06528274114386154,0.06795959639923435,0.0026768552553728168,4.100402661514948,6,4,0,22.0,0.625,0.75390625,-0.2,Small
Full pipeline,baseline,final_proposed,bottle,hausdorff_95,10,0.21797741108026245,0.21939874349117647,0.0014213324109140237,0.6520549096670697,5,5,0,26.0,0.921875,1.0,-0.05454545454545454,Negligible
Full pipeline,baseline,final_proposed,bottle,maximum_distance,10,0.2676623425417999,0.26456082080041177,-0.003101521741388125,-1.15874415202944,4,6,0,27.0,1.0,0.75390625,0.01818181818181818,Negligible
Full pipeline,baseline,final_proposed,shoe,chamfer_distance,10,0.05197179619651303,0.05155835270874339,-0.00041344348776963387,-0.7955151024727831,4,6,0,26.0,0.921875,0.75390625,-0.05454545454545454,Negligible
Full pipeline,baseline,final_proposed,shoe,hausdorff_95,10,0.1988208668519142,0.20964973502896744,0.010828868177053261,5.446545097863804,2,8,0,16.0,0.275390625,0.109375,-0.41818181818181815,Moderate
Full pipeline,baseline,final_proposed,shoe,maximum_distance,10,0.2549674138611285,0.2685224226246127,0.013555008763484176,5.3163690834888895,4,6,0,21.0,0.556640625,0.75390625,-0.23636363636363636,Small
