method,object,view,mesh_path,file_size_mb,vertex_count,face_count,connected_components,degenerate_faces,surface_area,volume,bounding_box_volume,extent_x,extent_y,extent_z,watertight,winding_consistent,euler_number
baseline,mouse,front,C:\Users\Gdxta\Desktop\CCS5990_Single_Image_to_3D_Preprocessing\baseline_outputs\mouse_front\0\mesh.glb,0.21578216552734375,5651,11236,1,0,1.3418134100179646,nan,0.26294835401749167,0.43259453773498535,0.9010190069675446,0.6746141910552979,False,True,-29
baseline,mouse,back,C:\Users\Gdxta\Desktop\CCS5990_Single_Image_to_3D_Preprocessing\baseline_outputs\mouse_back\0\mesh.glb,0.2725563049316406,7137,14216,1,0,1.7076674704242985,nan,0.37876144569552495,0.5808957815170288,0.9662773609161377,0.6747854948043823,False,True,-25
baseline,mouse,left,C:\Users\Gdxta\Desktop\CCS5990_Single_Image_to_3D_Preprocessing\baseline_outputs\mouse_left\0\mesh.glb,0.20014572143554688,5244,10412,1,0,1.4208278055333063,nan,0.17935142164697487,0.5240943431854248,0.9950981736183167,0.34389781951904297,False,True,-34
baseline,mouse,right,C:\Users\Gdxta\Desktop\CCS5990_Single_Image_to_3D_Preprocessing\baseline_outputs\mouse_right\0\mesh.glb,0.21546173095703125,5633,11232,1,0,1.4762617335545551,nan,0.21230213391065636,0.5666258335113525,0.37928158044815063,0.9878619015216827,False,True,-13
baseline,mouse,top,C:\Users\Gdxta\Desktop\CCS5990_Single_Image_to_3D_Preprocessing\baseline_outputs\mouse_top\0\mesh.glb,0.14096832275390625,3679,7328,1,0,1.0006816571632098,nan,0.07975337884349362,0.16152852773666382,0.5290674567222595,0.9332302510738373,False,True,-11
baseline,bottle,front,C:\Users\Gdxta\Desktop\CCS5990_Single_Image_to_3D_Preprocessing\baseline_outputs\bottle_front\0\mesh.glb,0.11537933349609375,3007,5988,1,0,0.7549568816170023,nan,0.1042553856010767,0.34974515438079834,0.3084673285484314,0.9663570523262024,False,True,-9
baseline,bottle,back,C:\Users\Gdxta\Desktop\CCS5990_Single_Image_to_3D_Preprocessing\baseline_outputs\bottle_back\0\mesh.glb,0.3948326110839844,10347,20620,1,0,2.6453969725275055,nan,0.4716950672915013,0.47942066192626953,0.9935230016708374,0.9902997314929962,False,True,-33
baseline,bottle,left,C:\Users\Gdxta\Desktop\CCS5990_Single_Image_to_3D_Preprocessing\baseline_outputs\bottle_left\0\mesh.glb,0.16654205322265625,4350,8668,1,0,1.0941747981915937,nan,0.25470611944962174,0.6220125555992126,0.39999592304229736,1.0237281918525696,False,True,-12
baseline,bottle,right,C:\Users\Gdxta\Desktop\CCS5990_Single_Image_to_3D_Preprocessing\baseline_outputs\bottle_right\0\mesh.glb,0.19672012329101562,5140,10252,2,1,1.2326167870649731,nan,0.2633486259839947,0.6002155542373657,0.42946845293045044,1.021627426147461,False,True,-10
baseline,bottle,top,C:\Users\Gdxta\Desktop\CCS5990_Single_Image_to_3D_Preprocessing\baseline_outputs\bottle_top\0\mesh.glb,0.36527252197265625,9574,19068,2,0,2.2581838891706023,nan,0.5837990927224609,0.7139949798583984,0.9774620831012726,0.8365046083927155,False,True,-32
baseline,shoe,front,C:\Users\Gdxta\Desktop\CCS5990_Single_Image_to_3D_Preprocessing\baseline_outputs\shoe_front\0\mesh.glb,0.34215545654296875,8971,17852,1,0,2.1638715904153103,nan,0.5075162990666456,0.6856434345245361,0.7312663197517395,1.0122227668762207,False,True,-40
baseline,shoe,back,C:\Users\Gdxta\Desktop\CCS5990_Single_Image_to_3D_Preprocessing\baseline_outputs\shoe_back\0\mesh.glb,0.33477020263671875,8781,17460,10,0,2.0925847450565906,nan,0.44740450700608464,0.7117575407028198,0.6532708406448364,0.9622213840484619,False,True,-15
baseline,shoe,left,C:\Users\Gdxta\Desktop\CCS5990_Single_Image_to_3D_Preprocessing\baseline_outputs\shoe_left\0\mesh.glb,0.22354888916015625,5848,11652,1,0,1.4711960050336392,nan,0.2970137660343288,0.43487244844436646,1.0395184755325317,0.6570258736610413,False,True,-22
baseline,shoe,right,C:\Users\Gdxta\Desktop\CCS5990_Single_Image_to_3D_Preprocessing\baseline_outputs\shoe_right\0\mesh.glb,0.22328948974609375,5849,11628,1,0,1.5103580124458311,nan,0.30415181651023593,0.4321991801261902,1.0754910111427307,0.654334306716919,False,True,-31
baseline,shoe,top,C:\Users\Gdxta\Desktop\CCS5990_Single_Image_to_3D_Preprocessing\baseline_outputs\shoe_top\0\mesh.glb,0.21005630493164062,5495,10944,2,0,1.314594064219163,nan,0.23400156156696109,0.4999179244041443,0.4569777250289917,1.024294912815094,False,True,-15
final_proposed,mouse,front,C:\Users\Gdxta\Desktop\CCS5990_Single_Image_to_3D_Preprocessing\final_proposed_outputs_corrected_20260804_final\mouse_front\0\mesh.glb,0.22971343994140625,6015,11968,1,0,1.4333575183625944,nan,0.26937973811364835,0.40012019872665405,0.9460045397281647,0.7116742134094238,False,True,-27
final_proposed,mouse,back,C:\Users\Gdxta\Desktop\CCS5990_Single_Image_to_3D_Preprocessing\final_proposed_outputs_corrected_20260804_final\mouse_back\0\mesh.glb,0.28887176513671875,7567,15068,1,0,1.8016630010654358,nan,0.3847450090318352,0.5234172344207764,0.9944804608821869,0.739143431186676,False,True,-29
final_proposed,mouse,left,C:\Users\Gdxta\Desktop\CCS5990_Single_Image_to_3D_Preprocessing\final_proposed_outputs_corrected_20260804_final\mouse_left\0\mesh.glb,0.20287322998046875,5309,10564,1,0,1.4851149258212653,nan,0.17952378153711912,0.5156843662261963,1.0039359331130981,0.34676241874694824,False,True,-23
final_proposed,mouse,right,C:\Users\Gdxta\Desktop\CCS5990_Single_Image_to_3D_Preprocessing\final_proposed_outputs_corrected_20260804_final\mouse_right\0\mesh.glb,0.13813018798828125,3604,7180,1,0,0.902422992111396,nan,0.1323493281043834,0.4112282395362854,0.35884201526641846,0.8968824446201324,False,True,-10
final_proposed,mouse,top,C:\Users\Gdxta\Desktop\CCS5990_Single_Image_to_3D_Preprocessing\final_proposed_outputs_corrected_20260804_final\mouse_top\0\mesh.glb,0.13694000244140625,3574,7116,1,0,1.0351099642043424,nan,0.06188835151858863,0.11649531126022339,0.547774076461792,0.9698375463485718,False,True,-12
final_proposed,bottle,front,C:\Users\Gdxta\Desktop\CCS5990_Single_Image_to_3D_Preprocessing\final_proposed_outputs_corrected_20260804_final\bottle_front\0\mesh.glb,0.11864089965820312,3092,6160,2,0,0.7874836120077295,nan,0.10242037315087442,0.338506817817688,0.31013333797454834,0.9755970537662506,False,True,-4
final_proposed,bottle,back,C:\Users\Gdxta\Desktop\CCS5990_Single_Image_to_3D_Preprocessing\final_proposed_outputs_corrected_20260804_final\bottle_back\0\mesh.glb,0.41904449462890625,10986,21884,1,0,2.8378679944165164,nan,0.4735382141054894,0.4571458697319031,1.0136452317237854,1.021913766860962,False,True,-48
final_proposed,bottle,left,C:\Users\Gdxta\Desktop\CCS5990_Single_Image_to_3D_Preprocessing\final_proposed_outputs_corrected_20260804_final\bottle_left\0\mesh.glb,0.12787628173828125,3334,6644,1,1,0.8636574606285695,nan,0.1575857958716125,0.48634475469589233,0.347085177898407,0.933548241853714,False,True,-8
final_proposed,bottle,right,C:\Users\Gdxta\Desktop\CCS5990_Single_Image_to_3D_Preprocessing\final_proposed_outputs_corrected_20260804_final\bottle_right\0\mesh.glb,0.18546295166015625,4855,9648,5,0,1.177559086157054,nan,0.2380251279453495,0.546488344669342,0.4206271767616272,1.0354868173599243,False,True,-11
final_proposed,bottle,top,C:\Users\Gdxta\Desktop\CCS5990_Single_Image_to_3D_Preprocessing\final_proposed_outputs_corrected_20260804_final\bottle_top\0\mesh.glb,0.4312400817871094,11305,22524,1,1,2.714073574381272,nan,0.6890277591494097,0.8103253841400146,0.9889202117919922,0.8598367869853973,False,True,-39
final_proposed,shoe,front,C:\Users\Gdxta\Desktop\CCS5990_Single_Image_to_3D_Preprocessing\final_proposed_outputs_corrected_20260804_final\shoe_front\0\mesh.glb,0.28331756591796875,7416,14784,1,1,1.8166307037865668,nan,0.37331829067309447,0.5263039469718933,0.7180625200271606,0.9878258407115936,False,True,-28
final_proposed,shoe,back,C:\Users\Gdxta\Desktop\CCS5990_Single_Image_to_3D_Preprocessing\final_proposed_outputs_corrected_20260804_final\shoe_back\0\mesh.glb,0.29608917236328125,7764,15436,4,1,1.8596344287705073,nan,0.3646785313561597,0.5643541216850281,0.6539962887763977,0.9880597591400146,False,True,-34
final_proposed,shoe,left,C:\Users\Gdxta\Desktop\CCS5990_Single_Image_to_3D_Preprocessing\final_proposed_outputs_corrected_20260804_final\shoe_left\0\mesh.glb,0.21963882446289062,5757,11432,1,0,1.4816537964747472,nan,0.30735428742886,0.43710339069366455,1.0678411722183228,0.6584888696670532,False,True,-37
final_proposed,shoe,right,C:\Users\Gdxta\Desktop\CCS5990_Single_Image_to_3D_Preprocessing\final_proposed_outputs_corrected_20260804_final\shoe_right\0\mesh.glb,0.22556304931640625,5905,11752,1,0,1.5525974125616373,nan,0.2918755612155991,0.4135633707046509,1.0931121110916138,0.6456407904624939,False,True,-25
final_proposed,shoe,top,C:\Users\Gdxta\Desktop\CCS5990_Single_Image_to_3D_Preprocessing\final_proposed_outputs_corrected_20260804_final\shoe_top\0\mesh.glb,0.19184112548828125,5021,9984,4,0,1.1925006220533954,nan,0.19621415415589133,0.39129990339279175,0.48999208211898804,1.0233672857284546,False,True,-17
